{"cameraMode":{"drawMode":0,"name":"Shaded","section":"Shading Mode"},"sceneLighting":true,"audioPlay":false,"sceneViewState":{"showFog":true,"showMaterialUpdate":false,"showSkybox":true,"showFlares":true,"showImageEffects":true,"showParticleSystems":true},"in2DMode":false,"pivot":{"x":6.724409580230713,"y":4.704001426696777,"z":2.2460403442382814},"rotation":{"x":0.06378252804279328,"y":0.9347605109214783,"z":-0.2726542055606842,"w":0.21867221593856812},"size":22.0,"orthographic":false}