{"cameraMode":{"drawMode":0,"name":"Shaded","section":"Shading Mode"},"sceneLighting":true,"audioPlay":false,"sceneViewState":{"showFog":true,"showMaterialUpdate":false,"showSkybox":true,"showFlares":true,"showImageEffects":true,"showParticleSystems":true},"in2DMode":false,"pivot":{"x":1.1215641498565674,"y":0.9386969804763794,"z":3.4825141429901125},"rotation":{"x":-0.08289267867803574,"y":-0.4256100356578827,"z":0.03918246552348137,"w":-0.9003226161003113},"size":2.951202869415283,"orthographic":false}