{"cameraMode":{"drawMode":0,"name":"Shaded","section":"Shading Mode"},"sceneLighting":true,"audioPlay":false,"sceneViewState":{"showFog":true,"showMaterialUpdate":false,"showSkybox":true,"showFlares":true,"showImageEffects":true,"showParticleSystems":true},"in2DMode":false,"pivot":{"x":19.166278839111329,"y":-2.0228614807128908,"z":-17.808088302612306},"rotation":{"x":-0.016135862097144128,"y":-0.9432500004768372,"z":0.047107625752687457,"w":-0.32872796058654787},"size":33.90302276611328,"orthographic":false}