{"cameraMode":{"drawMode":0,"name":"Shaded","section":"Shading Mode"},"sceneLighting":true,"audioPlay":false,"sceneViewState":{"showFog":true,"showMaterialUpdate":false,"showSkybox":true,"showFlares":true,"showImageEffects":true,"showParticleSystems":true},"in2DMode":false,"pivot":{"x":89.53187561035156,"y":-64.94474792480469,"z":13.136707305908204},"rotation":{"x":0.2268475592136383,"y":0.6481987237930298,"z":-0.2115110456943512,"w":0.6956624388694763},"size":116.14356231689453,"orthographic":false}